<?xml version="1.0" encoding="UTF-8"?>
<Configuration status="INFO" monitorInterval="30">
    <Properties>
        <Property name="LOG_PATTERN">
            %d{yyyy-MM-dd HH:mm:ss.SSS} %5p ${hostName} --- [%15.15t] %-40.40c{1.} : %m%n%ex
        </Property>
    </Properties>
    <Appenders>
        <Console name="ConsoleAppender" target="SYSTEM_OUT" follow="true">
            <PatternLayout pattern="${LOG_PATTERN}"/>
        </Console>
    </Appenders>
    <Loggers>
        <!-- 기본 패키지 경로 -->
        <logger name="springBootTest2" level="debug"/>
		<Logger name="jdbc.connection"      level="OFF" additivity="false"><AppenderRef ref="console" /></Logger>
        <Logger name="jdbc.audit"           level="WARN" additivity="false"><AppenderRef ref="console" /></Logger>
        <Logger name="jdbc.sqlonly"         level="OFF" additivity="false"><AppenderRef ref="console" /></Logger>
        <Logger name="jdbc.sqltiming"       level="DEBUG" additivity="false"><AppenderRef ref="console" /></Logger>
        <Logger name="jdbc.resultset"       level="OFF" additivity="false"><AppenderRef ref="console" /></Logger>
        <Logger name="jdbc.resultsettable"  level="DEBUG" additivity="false"><AppenderRef ref="console" /></Logger>

        <!-- FATAL, ERROR, WARN, INFO, DEBUG, TRACE -->
        <Root level="INFO">
            <AppenderRef ref="console" />
            <AppenderRef ref="RollingFile" />
            <AppenderRef ref="ConsoleAppender" />
        </Root>
    </Loggers>
</Configuration>
		
