<?xml version="1.0" encoding="UTF-8"?>
<!DOCTYPE mapper PUBLIC 	
	"-//mybatis.org//DTD Mapper 3.0//EN" 
	"http://mybatis.org/dtd/mybatis-3-mapper.dtd">
<mapper namespace="school.mapper.DepartmentMapper">
	
	<delete id="setDepartmentDelete" parameterType="string"   >
		delete from department
		where DEPARTMENT_NUM =  #{departmentNum}
	
	
	</delete>

	<update id="setDepartmentUpdate" parameterType="departmentDTO">
		update department
		set 	DEPARTMENT_NAME =  #{departmentName}   , 
	 			DEPARTMENT_PHONE =  #{departmentPhone}   ,  DEPATYMENT_ADDR =  #{depatymentAddr} 
	 	where 	DEPARTMENT_NUM =  #{departmentNum}
	
	</update>
	
	
	<select id="getdepartmentSelectOne" parameterType="string" resultType="departmentDTO">
		select    DEPARTMENT_NUM departmentNum, DEPARTMENT_NAME  departmentName , 
	 			 DEPARTMENT_PHONE departmentPhone ,  DEPATYMENT_ADDR depatymentAddr
	 	from department
	 	where DEPARTMENT_NUM =#{departmentNum}
			
	</select>	
	
	
	<select id="getdepartmentSelect" resultType="departmentDTO" >
		select  DEPARTMENT_NUM departmentNum ,  DEPARTMENT_NAME  departmentName , 
	 			 DEPARTMENT_PHONE departmentPhone ,  DEPATYMENT_ADDR depatymentAddr
	 	from department
	 	order by DEPARTMENT_NUM 
			
	</select>	
	
	<insert id="setDepartmentInsert" parameterType="departmentDTO">
		insert into department(DEPARTMENT_NUM , DEPARTMENT_NAME , DEPARTMENT_PHONE , DEPATYMENT_ADDR )
			 values(#{departmentNum} ,#{departmentName} ,#{departmentPhone} ,#{depatymentAddr}) 
	
	</insert>
	

	<select id="setdmMax" resultType="string">
		select sql_num10.nextval from dual
	</select>


</mapper>
