<?xml version="1.0" encoding="UTF-8"?>
<!DOCTYPE mapper PUBLIC 	
	"-//mybatis.org//DTD Mapper 3.0//EN" 
	"http://mybatis.org/dtd/mybatis-3-mapper.dtd">
<mapper namespace="school.mapper.MajorMapper">

<select id="selectProfessor" parameterType="string" resultType="professorDTO">
	select PROFESSOR_NAME professorName ,PROFESSOR_PHONE professorPhone, 
		   PROFESSOR_EMAIL professorEmail, PROFESSOR_ID professorId,
		   PROFESSOR_PW professorPw , PROFESSOR_NUM departmentNum, 
		   DEPARTMENT_NUM departmentName
	from professor
	where PROFESSOR_NUM In (select PROFESSOR_NUM from professor_subject
							where subject_num = #{subjectNum})
</select>

<select id="selectSubject" parameterType="string" resultType="subjectDTO">
	select SUBJECT_NUM subjectNum , SUBJECT_NAME subjectName, 
			SUBJECT_TITLE subjectTitle, SUBJECT_CONTENT subjectContent
	from subject
	where SUBJECT_NUM in (select distinct SUBJECT_NUM from professor_subject 
						  where professor_num in (
						  select professor_num from professor 
						  where department_num = #{departmentNum}))
</select>

<select id="count" resultType="int" parameterType="String">
	select count(*) from department	
	<where>
		<if test ="majorWord != null">
			department_name like '%' || #{majorWord} || '%'
			or department_num like '%' || #{majorWord} || '%'
		</if>
	</where>
</select>


<insert id="majorInsert" parameterType="majorDTO">
	insert into department (department_num, department_name, department_phone, department_addr, 
							zip, addr1, addr2, fullAddr)
	values(#{departmentNum},#{departmentName} ,#{departmentPhone}, #{departmentAddr},
			#{zip}, #{addr1}, #{addr2}, #{fullAddr})
</insert>

<select id="selectAll" resultType="majorDTO" parameterType="StartEndPageDTO">
	select *
	from (select rownum rn, department_num departmentNum, department_name departmentName,
				department_phone departmentPhone, DEPATYMENT_ADDR departmentAddr,
				zip zip, addr1 addr1, addr2 addr2, full_Addr fullAddr
		  from department
	<where>
		<if test ="majorWord != null">
			department_name like '%' || #{majorWord} || '%'
			or department_num like '%' || #{majorWord} || '%'
		</if>
	</where>
	order by department_num)
	<if test="startRow != null">
	where rn between #{startRow} and #{endRow}
	</if>
</select>



<select id="autoNum" resultType="String" >
	select seq_num10.nextval
	from dual
</select>

<select id="selectOne" parameterType="String" resultType="MajorDTO">
	select department_num departmentNum, department_name departmentName,
			department_phone departmentPhone, department_addr departmentAddr,
			zip zip, addr1 addr1, addr2 addr2, fullAddr fullAddr
	from department
	where department_num = #{num}
</select>

<update id="majorUpdate" parameterType="MajorDTO">
	update department
	set department_name = #{departmentName}, department_phone = #{departmentPhone},
		department_addr = #{departmentAddr}, zip = #{zip},addr1= #{addr1}, addr2 = #{addr2}, fullAddr = #{fullAddr}
	where department_num = #{departmentNum}
</update>

<delete id="majorDelete" parameterType="String">
	delete 
	from department
	where department_num = #{num}
</delete>



</mapper>