<?xml version="1.0" encoding="UTF-8"?>
<!DOCTYPE mapper PUBLIC 	
	"-//mybatis.org//DTD Mapper 3.0//EN" 
	"http://mybatis.org/dtd/mybatis-3-mapper.dtd">
<mapper namespace="school.mapper.ProfessorMapper">

<select id="count" resultType="int" parameterType="String">
	select count(*) from professor
	<where>
		<if test="professorWord != null">
			professor_num like '%' || #{professorWord} || '%'
			or professor_name like '%' || #{professorWord} || '%'
			or department_num like '%' || #{professorWord} || '%'
		</if>
	</where>
</select>

<select id="getDepartName" resultType="ProfessorDTO" parameterType="String">
	select professor_num professorNum, professor_name professorName,
		   professor_phone professorPhone, professor_email professorEmail,
		   professor_id professorId, department_name departmentName, p.department_num departmentNum
	from department d, professor p
	where d.department_num = p.department_num and professor_num = #{num}
</select>

<select id="autoNum" resultType="String">
	select concat('pro_',nvl(max(substr(professor_num,5)),1000000)+1) from professor
</select>

<insert id="professorInsert" parameterType="ProfessorDTO">
	insert into professor (professor_num, professor_name, professor_phone, professor_email, 
							professor_id, professor_pw, department_num)
	values(#{professorNum}, #{professorName}, #{professorPhone}, #{professorEmail},
			 #{professorId}, #{professorPw}, #{departmentNum} )
</insert>

<select id="selectAll" resultType="ProfessorDTO" parameterType="StartEndPageDTO">
	select *
	from(select rownum rn, professor_num professorNum, professor_name professorName,
				professor_phone professorPhone, professor_email professorEmail,
				professor_id professorId, professor_pw professorPw, department_num departmentNum
		from professor
		<where>
			<if test="professorWord != null">
				professor_num like '%' ||  #{professorWord} || '%'
				or professor_name like '%' ||  #{professorWord} || '%'
				or department_num like '%' || #{professorWord} || '%'
			</if>
		</where>
		order by professor_num)
	where rn between #{startRow} and #{endRow}
</select>

<update id="proPwChange" parameterType="ProfessorDTO">
	update professor 
	set professor_pw = #{professorPw}
	where professor_id = #{professorId}	
</update>

<select id="getProOne" parameterType="String" resultType="ProfessorDTO">
	select professor_num professorNum, professor_name professorName,
		   professor_phone professorPhone, professor_email professorEmail, professor_id professorId,
		   professor_pw professorPw, department_num departmentNum
	from professor
	where professor_id = #{id}
</select>
<select id="selectOne" resultType="ProfessorDTO" parameterType="String">
	select professor_num professorNum, professor_name professorName,
		   professor_phone professorPhone, professor_email professorEmail, professor_id professorId,
		   professor_pw professorPw, department_num departmentNum
	from professor
	where professor_num = #{num}
</select>

<update id="professorUpdate" parameterType="ProfessorDTO">
	update professor
	set professor_name = #{professorName}, professor_phone = #{professorPhone}, professor_email = #{professorEmail},
		professor_id = #{professorId}, department_num  = #{departmentNum}
	where professor_num = #{professorNum}
</update>

<delete id="professorDelete" parameterType="String">
	delete from professor
	where professor_num = #{num}
</delete>

<select id="proEmailCheck" parameterType="String" resultType="ProfessorDTO">
	select professor_email professorEmail
	from professor
	where professor_email = #{email}
	union
	select student_email studentEmail
	from student
	where student_email = #{email}

</select>

<select id="proIdCheckService" parameterType="String" resultType="ProfessorDTO">
	select professor_id professorId
	from professor
	where professor_id = #{id}
	union
	select student_id studentId
	from student
	where student_id = #{id}
</select>

<select id="proEmailModiCheck" parameterType="String" resultType="ProfessorDTO">
	select professor_num professorNum, professor_name professorName,
		   professor_phone professorPhone, professor_email professorEmail, professor_id professorId,
		   professor_pw professorPw, department_num departmentNum
	from professor
	where professor_email = #{email}
	UNION
	select student_num studentNum, student_name studentName, student_phone student_phone,
			student_email studentEmail,	student_id studentId,
			student_pw studentPw, department_num departmentNum
	from student
	where student_email = #{email}
	
</select>


</mapper>

