<?xml version="1.0" encoding="UTF-8"?>
<!DOCTYPE mapper PUBLIC 	
	"-//mybatis.org//DTD Mapper 3.0//EN" 
	"http://mybatis.org/dtd/mybatis-3-mapper.dtd">
<mapper namespace="school.mapper.ProfessorSubjectMapper">



<select id="count" resultType="int">
	select count(*) from professor_subject	
</select>

<select id="subExist" parameterType="HashMap" resultType="String">
	select subject_num
	from professor_subject
	where subject_num = #{subNum} and professor_num = #{proNum}
</select>

<select id="getProNum" parameterType="String" resultType="ProfessorSubjectDTO">
	select professor_num professorNum
	from professor
	where professor_id = #{id}
</select>

<insert id="proSubjectInsert">
	insert into professor_subject (subject_num, professor_num)
	values (#{subjectNum}, #{professorNum})
</insert>

<select id="selectList1" parameterType="String" resultType="ProfessorSubjectDTO" >
select   p.subject_num subjectNum, professor_num professorNum, status status, s.subject_name subjectName
	from professor_subject p left join subject s
	on p.subject_num = s.subject_num
	where professor_num = #{proNum}
</select>

<select id="selectList" parameterType="StartEndPageDTO" resultType="ProfessorSubjectDTO" >
select *
from(	select  rownum rn, p.subject_num subjectNum, professor_num professorNum, status status, s.subject_name subjectName
	from professor_subject p left join subject s
	on p.subject_num = s.subject_num
	where professor_num = #{proNum})
where rn between #{startRow} and #{endRow}
</select>

<delete id="mySubjectDelete" parameterType="HashMap" >
	delete from professor_subject
	where subject_num = #{sNum} and professor_num = #{pNum}
</delete>

<update id="statusUpdateTo1" parameterType="ProfessorSubjectDTO">
	update professor_subject
	set status = '1' 
	where subject_num = #{subjectNum} and professor_num= #{professorNum}
</update>

<update id="statusUpdateToNull" parameterType="ProfessorSubjectDTO">
	update professor_subject
	set status = null 
	where subject_num = #{subjectNum} and professor_num= #{professorNum}
</update>


</mapper>


