<?xml version="1.0" encoding="UTF-8"?>
<!DOCTYPE mapper PUBLIC 	
	"-//mybatis.org//DTD Mapper 3.0//EN" 
	"http://mybatis.org/dtd/mybatis-3-mapper.dtd">
<mapper namespace="school.mapper.StudentMapper">
	
<insert id="studentInsert" parameterType="StudentDTO">
	insert into student (student_num, student_name, student_phone, student_email,
						student_id, student_pw, department_num)
	values (#{studentNum}, #{studentName}, #{studentPhone}, #{studentEmail}, #{studentId},
			#{studentPw}, #{departmentNum} )
</insert>

<select id="selectOne" parameterType="String" resultType="StudentDTO">
	select student_num studentNum, student_name studentName, student_phone studentPhone,
			student_email studentEmail,	student_id studentId,
			student_pw studentPw, department_num departmentNum
	from student
	where student_id = #{id}
</select>

<select id="count" resultType="int" parameterType="String">
	select count(*) from student
		<where>
			<if test="studentWord != null">
				student_num like '%' || #{studentWord} ||  '%'
				or student_name like '%' ||  #{studentWord} || '%'
				or department_num like '%' || #{studentWord}  ||  '%'
			</if>
		</where>
</select>

<select id="selectAll" resultType="StudentDTO">
	select *
	from(select rownum rn, student_num studentNum, student_name studentName,
				student_phone studentPhone,
				student_email studentEmail, student_id studentId,
				student_pw studentPw, department_num departmentNum
		from student
		<where>
			<if test="studentWord != null">
				student_num like '%' || #{studentWord} ||  '%'
				or student_name like '%' ||  #{studentWord} || '%'
				or department_num like '%' || #{studentWord}  ||  '%'
			</if>
		</where>
		order by student_num)
	where rn between #{startRow} and #{endRow}
</select>
	
<select id="createNum" parameterType="String" resultType="String">
	select to_char(sysdate,'yy') || #{departNum} || nvl(max(substr(student_num,-5)),10000) + 1
	from student
	where department_num = #{departNum}
</select>	

<select id="idDoubleCheck" parameterType="String" resultType="String">
	select student_id studentId
	from student
	where student_id = #{id}
	UNION
	select professor_id professorId
	from professor
	where professor_id = #{id}
</select>
	
<select id="emailDoubleCheck" parameterType="String" resultType="String">
	select student_email studentEmail
	from student
	where student_email = #{id}
	UNION
	select professor_email professorEmail
	from professor
	where professor_email = #{email}
</select>

<select id="stuEmailModiCheck" parameterType="String" resultType="StudentDTO">
	select student_num studentNum, student_name studentName, student_phone studentPhone,
			student_email studentEmail,	student_id studentId,
			student_pw studentPw, department_num departmentNum
	from student
	where student_email = #{email}
	UNION
	select professor_num professorNum, professor_name professorName,
		   professor_phone professorPhone, professor_email professorEmail, professor_id professorId,
		   professor_pw professorPw, department_num departmentNum
	from professor
	where professor_email = #{email}
</select>	

<update id="studentUpdate" parameterType="StudentDTO">
	update student
	set student_num = #{studentNum}, student_name = #{studentName}, student_phone = #{studentPhone},
		student_email = #{studentEmail}, student_id = #{studentId},
		department_num = #{departmentNum}
	where student_id = #{studentId}
</update>
<delete id="studentDelete" parameterType="String">
	delete from student
	where student_id = #{studentId}
</delete>
<select id="getDepartName" resultType="StudentDTO" parameterType="String">
	select  student_num studentNum, student_name studentName, student_phone studentPhone,
			student_email studentEmail,	student_id studentId, student_pw studentPw,
			s.department_num departmentNum, department_name departmentName
	from student s, department d
	where s.department_num = d.department_num and student_num = #{stuNum}
</select>
	
	
	
	
	
	
	
	
	
	
	
	
	
	
	
	
</mapper>