<?xml version="1.0" encoding="UTF-8"?>
<!DOCTYPE mapper PUBLIC 	
	"-//mybatis.org//DTD Mapper 3.0//EN" 
	"http://mybatis.org/dtd/mybatis-3-mapper.dtd">
<mapper namespace="school.mapper.SubjectMapper">

<select id="count" resultType="int" parameterType="String">
	select count(*) from subject	
	<where>
		<if test="subjectWord != null">
			subject_num like '%' || #{subjectWord} || '%'
			or subject_name like '%'|| #{subjectWord} || '%'
		</if>
	</where>
</select>
<select id="autoNum" resultType="String">
	select nvl(max(subject_num),10)+1 from subject
</select>

<insert id="subjectInsert">
	insert into subject (subject_num, subject_name, subject_title, subject_content)
	values(#{subjectNum}, #{subjectName}, #{subjectTitle}, #{subjectContent})
</insert>


<select id="All" resultType="SubjectDTO" >
select  subject_num subjectNum,  subject_name subjectName,
			   subject_title subjectTitle, subject_content subjectContent
		from subject
		order by subject_num
</select>

<select id="selectAll" resultType="SubjectDTO" parameterType="StartEndPageDTO">
select *
from(select rownum rn, subject_num subjectNum,  subject_name subjectName,
			   subject_title subjectTitle, subject_content subjectContent
		from subject
	<where>
		<if test="subjectWord != null">
			subject_num like '%' || #{subjectWord} || '%'
			or subject_name like '%'|| #{subjectWord} || '%'
		</if>
	</where>
	order by subject_num)
where rn between #{startRow} and #{endRow}
</select>

<select id="selectOne" resultType="SubjectDTO">
	select subject_num subjectNum,  subject_name subjectName,
		   subject_title subjectTitle, subject_content subjectContent
	from subject
	where subject_num = #{num}
</select>

<update id="subjectUpdate" parameterType="SubjectDTO">
	update subject
	set subject_name = #{subjectName}, subject_title = #{subjectTitle}, 
		subject_content = #{subjectContent}
	where subject_num = #{subjectNum}
</update>


<delete id="subjectDelete" parameterType="String">
	delete from subject 
	where subject_num = #{num}
</delete>

</mapper>